<?xml version="1.0" encoding="UTF-8"?>
<project-private xmlns="http://www.netbeans.org/ns/project-private/1">
    <open-files xmlns="http://www.netbeans.org/ns/projectui-open-files/2">
        <group>
            <file>file:/C:/Users/acer/Desktop/Java/Lesson%2040%20-%20Interface%20Example/src/lesson/pkg40/pkginterface/example/CommonPerson.java</file>
            <file>file:/C:/Users/acer/Desktop/Java/Lesson%2040%20-%20Interface%20Example/src/lesson/pkg40/pkginterface/example/Temp.java</file>
            <file>file:/C:/Users/acer/Desktop/Java/Lesson%2040%20-%20Interface%20Example/src/lesson/pkg40/pkginterface/example/Lesson40InterfaceExample.java</file>
            <file>file:/C:/Users/acer/Desktop/Java/Lesson%2040%20-%20Interface%20Example/src/lesson/pkg40/pkginterface/example/Person.java</file>
        </group>
    </open-files>
</project-private>
