<?xml version="1.0" encoding="UTF-8"?>
<project-private xmlns="http://www.netbeans.org/ns/project-private/1">
    <editor-bookmarks xmlns="http://www.netbeans.org/ns/editor-bookmarks/2" lastBookmarkId="0"/>
    <open-files xmlns="http://www.netbeans.org/ns/projectui-open-files/2">
        <group>
            <file>file:/C:/Users/acer/Desktop/Java/Lesson%2035%20-%20Aceess%20Modifier%20-%20Protected/src/lesson/pkg35/aceess/modifier/pkgprotected/Animal.java</file>
            <file>file:/C:/Users/acer/Desktop/Java/Lesson%2035%20-%20Aceess%20Modifier%20-%20Protected/src/ABC/Pig.java</file>
            <file>file:/C:/Users/acer/Desktop/Java/Lesson%2035%20-%20Aceess%20Modifier%20-%20Protected/src/lesson/pkg35/aceess/modifier/pkgprotected/Rabbit.java</file>
            <file>file:/C:/Users/acer/Desktop/Java/Lesson%2035%20-%20Aceess%20Modifier%20-%20Protected/src/lesson/pkg35/aceess/modifier/pkgprotected/Lesson35AceessModifierProtected.java</file>
            <file>file:/C:/Users/acer/Desktop/Java/Lesson%2035%20-%20Aceess%20Modifier%20-%20Protected/src/lesson/pkg35/aceess/modifier/pkgprotected/Dog.java</file>
        </group>
    </open-files>
</project-private>
