<?xml version="1.0" encoding="UTF-8"?>
<project-private xmlns="http://www.netbeans.org/ns/project-private/1">
    <open-files xmlns="http://www.netbeans.org/ns/projectui-open-files/2">
        <group>
            <file>file:/C:/Users/acer/Desktop/Java/Lesson%2039%20-%20Interface/src/lesson/pkg39/pkginterface/Person.java</file>
            <file>file:/C:/Users/acer/Desktop/Java/Lesson%2039%20-%20Interface/src/lesson/pkg39/pkginterface/Person_01.java</file>
            <file>file:/C:/Users/acer/Desktop/Java/Lesson%2039%20-%20Interface/src/lesson/pkg39/pkginterface/B.java</file>
            <file>file:/C:/Users/acer/Desktop/Java/Lesson%2039%20-%20Interface/src/lesson/pkg39/pkginterface/A.java</file>
            <file>file:/C:/Users/acer/Desktop/Java/Lesson%2039%20-%20Interface/src/lesson/pkg39/pkginterface/Lesson39Interface.java</file>
            <file>file:/C:/Users/acer/Desktop/Java/Lesson%2039%20-%20Interface/src/lesson/pkg39/pkginterface/C.java</file>
        </group>
    </open-files>
</project-private>
