<?xml version="1.0" encoding="UTF-8"?>
<project-private xmlns="http://www.netbeans.org/ns/project-private/1">
    <editor-bookmarks xmlns="http://www.netbeans.org/ns/editor-bookmarks/2" lastBookmarkId="0"/>
    <open-files xmlns="http://www.netbeans.org/ns/projectui-open-files/2">
        <group>
            <file>file:/C:/Users/acer/Desktop/Java/Lesson%2032%20-%20Polymorphisam/src/lesson/pkg32/polymorphisam/Rabbit.java</file>
            <file>file:/C:/Users/acer/Desktop/Java/Lesson%2032%20-%20Polymorphisam/src/lesson/pkg32/polymorphisam/Lesson32Polymorphisam.java</file>
            <file>file:/C:/Users/acer/Desktop/Java/Lesson%2032%20-%20Polymorphisam/src/lesson/pkg32/polymorphisam/Dog.java</file>
            <file>file:/C:/Users/acer/Desktop/Java/Lesson%2032%20-%20Polymorphisam/src/lesson/pkg32/polymorphisam/Animal.java</file>
        </group>
    </open-files>
</project-private>
