<?xml version="1.0" encoding="UTF-8"?>
<project-private xmlns="http://www.netbeans.org/ns/project-private/1">
    <editor-bookmarks xmlns="http://www.netbeans.org/ns/editor-bookmarks/2" lastBookmarkId="0"/>
    <open-files xmlns="http://www.netbeans.org/ns/projectui-open-files/2">
        <group>
            <file>file:/C:/Users/acer/Desktop/Java/Lesson%2017%20-%20Odd%20and%20Even%20Nmber/src/Odd_or_Even.java</file>
            <file>file:/C:/Users/acer/Desktop/Java/Lesson%2017%20-%20Odd%20and%20Even%20Nmber/src/lesson/pkg17/odd/and/even/nmber/Lesson17OddAndEvenNmber.java</file>
        </group>
    </open-files>
</project-private>
