<?xml version="1.0" encoding="UTF-8"?>
<project-private xmlns="http://www.netbeans.org/ns/project-private/1">
    <editor-bookmarks xmlns="http://www.netbeans.org/ns/editor-bookmarks/2" lastBookmarkId="0"/>
    <open-files xmlns="http://www.netbeans.org/ns/projectui-open-files/2">
        <group>
            <file>file:/C:/Users/acer/Desktop/Java/Lesson%2033%20-%20Access%20Modifier%20-%20Private/src/lesson/pkg33/access/modifier/pkgprivate/Dog.java</file>
            <file>file:/C:/Users/acer/Desktop/Java/Lesson%2033%20-%20Access%20Modifier%20-%20Private/src/lesson/pkg33/access/modifier/pkgprivate/Lesson33AccessModifierPrivate.java</file>
            <file>file:/C:/Users/acer/Desktop/Java/Lesson%2033%20-%20Access%20Modifier%20-%20Private/src/lesson/pkg33/access/modifier/pkgprivate/Animal.java</file>
        </group>
    </open-files>
</project-private>
