<?xml version="1.0" encoding="UTF-8"?>
<project-private xmlns="http://www.netbeans.org/ns/project-private/1">
    <open-files xmlns="http://www.netbeans.org/ns/projectui-open-files/2">
        <group>
            <file>file:/C:/Users/acer/Desktop/Java/Lesson%2038%20-%20Abstraction/src/lesson/pkg38/abstraction/People.java</file>
            <file>file:/C:/Users/acer/Desktop/Java/Lesson%2038%20-%20Abstraction/src/lesson/pkg38/abstraction/Lesson38Abstraction.java</file>
            <file>file:/C:/Users/acer/Desktop/Java/Lesson%2038%20-%20Abstraction/src/lesson/pkg38/abstraction/Engineer.java</file>
        </group>
    </open-files>
</project-private>
