<?xml version="1.0" encoding="UTF-8"?>
<project-private xmlns="http://www.netbeans.org/ns/project-private/1">
    <editor-bookmarks xmlns="http://www.netbeans.org/ns/editor-bookmarks/2" lastBookmarkId="0"/>
    <open-files xmlns="http://www.netbeans.org/ns/projectui-open-files/2">
        <group>
            <file>file:/C:/Users/acer/Desktop/Java/Lesson%2025%20-%20OOP%20Example/src/lesson/pkg25/oop/example/Interface_01.java</file>
            <file>file:/C:/Users/acer/Desktop/Java/Lesson%2025%20-%20OOP%20Example/src/lesson/pkg25/oop/example/Interface_02.java</file>
            <file>file:/C:/Users/acer/Desktop/Java/Lesson%2025%20-%20OOP%20Example/src/lesson/pkg25/oop/example/Lesson25OOPExample.java</file>
        </group>
    </open-files>
</project-private>
