<?xml version="1.0" encoding="UTF-8"?>
<project-private xmlns="http://www.netbeans.org/ns/project-private/1">
    <editor-bookmarks xmlns="http://www.netbeans.org/ns/editor-bookmarks/2" lastBookmarkId="0"/>
    <open-files xmlns="http://www.netbeans.org/ns/projectui-open-files/2">
        <group>
            <file>file:/C:/Users/acer/Desktop/Java/Lesson%2027%20-%20Constructor/src/lesson/pkg27/constructor/Lesson27Constructor.java</file>
            <file>file:/C:/Users/acer/Desktop/Java/Lesson%2027%20-%20Constructor/src/lesson/pkg27/constructor/A.java</file>
        </group>
    </open-files>
</project-private>
