<?xml version="1.0" encoding="UTF-8"?>
<project-private xmlns="http://www.netbeans.org/ns/project-private/1">
    <editor-bookmarks xmlns="http://www.netbeans.org/ns/editor-bookmarks/2" lastBookmarkId="0"/>
    <open-files xmlns="http://www.netbeans.org/ns/projectui-open-files/2">
        <group>
            <file>file:/C:/Users/acer/Desktop/Java/Lesson%2034%20-%20Access%20Modifier%20-%20Default/src/lesson/pkg34/access/modifier/pkgdefault/Lesson34AccessModifierDefault.java</file>
            <file>file:/C:/Users/acer/Desktop/Java/Lesson%2034%20-%20Access%20Modifier%20-%20Default/src/lesson/pkg34/access/modifier/pkgdefault/Dog.java</file>
            <file>file:/C:/Users/acer/Desktop/Java/Lesson%2034%20-%20Access%20Modifier%20-%20Default/src/lesson/pkg34/access/modifier/pkgdefault/Animal.java</file>
            <file>file:/C:/Users/acer/Desktop/Java/Lesson%2034%20-%20Access%20Modifier%20-%20Default/src/lesson/pkg34/access/modifier/pkgdefault/Rabbit.java</file>
            <file>file:/C:/Users/acer/Desktop/Java/Lesson%2034%20-%20Access%20Modifier%20-%20Default/src/ABC/Pig.java</file>
        </group>
    </open-files>
</project-private>
