<?xml version="1.0" encoding="UTF-8"?>
<project-private xmlns="http://www.netbeans.org/ns/project-private/1">
    <editor-bookmarks xmlns="http://www.netbeans.org/ns/editor-bookmarks/2" lastBookmarkId="0"/>
    <open-files xmlns="http://www.netbeans.org/ns/projectui-open-files/2">
        <group>
            <file>file:/C:/Users/acer/Desktop/Java/Lesson%2051%20-%20Collection%20Framwork%20-%20HashTable%2001/src/lesson/pkg51/collection/framwork/hashtable/pkg01/Lesson51CollectionFramworkHashTable01.java</file>
            <file>file:/C:/Users/acer/Desktop/Java/Lesson%2051%20-%20Collection%20Framwork%20-%20HashTable%2001/src/lesson/pkg51/collection/framwork/hashtable/pkg01/Student.java</file>
        </group>
    </open-files>
</project-private>
