<?xml version="1.0" encoding="UTF-8"?>
<project-private xmlns="http://www.netbeans.org/ns/project-private/1">
    <editor-bookmarks xmlns="http://www.netbeans.org/ns/editor-bookmarks/2" lastBookmarkId="0"/>
    <open-files xmlns="http://www.netbeans.org/ns/projectui-open-files/2">
        <group>
            <file>file:/C:/Users/acer/Desktop/Java/Lesson%2007%20-%20Calculator/src/lesson/pkg07/calculator/Calculator.java</file>
            <file>file:/C:/Users/acer/Desktop/Java/Lesson%2007%20-%20Calculator/src/lesson/pkg07/calculator/Lesson07Calculator.java</file>
            <file>file:/C:/Users/acer/Desktop/Java/Lesson%2007%20-%20Calculator/src/lesson/pkg07/calculator/Celsiuse_to_Faranhite.java</file>
        </group>
    </open-files>
</project-private>
