<?xml version="1.0" encoding="UTF-8"?>
<project-private xmlns="http://www.netbeans.org/ns/project-private/1">
    <editor-bookmarks xmlns="http://www.netbeans.org/ns/editor-bookmarks/2" lastBookmarkId="0"/>
    <open-files xmlns="http://www.netbeans.org/ns/projectui-open-files/2">
        <group>
            <file>file:/C:/Users/acer/Desktop/Java/Lesson%2043%20-%20Collection%20Framework%20-%20ArrayList%2003/src/lesson/pkg43/collection/framework/arraylist/pkg03/Lesson43CollectionFrameworkArrayList03.java</file>
            <file>file:/C:/Users/acer/Desktop/Java/Lesson%2043%20-%20Collection%20Framework%20-%20ArrayList%2003/src/Model/Student.java</file>
        </group>
    </open-files>
</project-private>
