<?xml version="1.0" encoding="UTF-8"?>
<project-private xmlns="http://www.netbeans.org/ns/project-private/1">
    <editor-bookmarks xmlns="http://www.netbeans.org/ns/editor-bookmarks/2" lastBookmarkId="0"/>
    <open-files xmlns="http://www.netbeans.org/ns/projectui-open-files/2">
        <group>
            <file>file:/C:/Users/acer/Desktop/Java/Lesson%2029%20-%20Ineritance/src/lesson/pkg29/ineritance/Student.java</file>
            <file>file:/C:/Users/acer/Desktop/Java/Lesson%2029%20-%20Ineritance/src/lesson/pkg29/ineritance/Human.java</file>
            <file>file:/C:/Users/acer/Desktop/Java/Lesson%2029%20-%20Ineritance/src/lesson/pkg29/ineritance/Lesson29Ineritance.java</file>
        </group>
    </open-files>
</project-private>
