<?xml version="1.0" encoding="UTF-8"?>
<project-private xmlns="http://www.netbeans.org/ns/project-private/1">
    <editor-bookmarks xmlns="http://www.netbeans.org/ns/editor-bookmarks/2" lastBookmarkId="0"/>
    <open-files xmlns="http://www.netbeans.org/ns/projectui-open-files/2">
        <group>
            <file>file:/C:/Users/acer/Desktop/Java/Lesson%2036%20-%20Access%20Modifier%20-%20Public/src/lesson/pkg36/access/modifier/pkgpublic/Lesson36AccessModifierPublic.java</file>
            <file>file:/C:/Users/acer/Desktop/Java/Lesson%2036%20-%20Access%20Modifier%20-%20Public/src/lesson/pkg36/access/modifier/pkgpublic/Animal.java</file>
            <file>file:/C:/Users/acer/Desktop/Java/Lesson%2036%20-%20Access%20Modifier%20-%20Public/src/lesson/pkg36/access/modifier/pkgpublic/Rabbit.java</file>
            <file>file:/C:/Users/acer/Desktop/Java/Lesson%2036%20-%20Access%20Modifier%20-%20Public/src/lesson/pkg36/access/modifier/pkgpublic/Dog.java</file>
            <file>file:/C:/Users/acer/Desktop/Java/Lesson%2036%20-%20Access%20Modifier%20-%20Public/src/ABC/Pig.java</file>
        </group>
    </open-files>
</project-private>
